{"mse": 0.030519234382187593, "rmse": 0.17469755116253805, "r2": 0.9996796137271311, "loss": 0.17469755116253805, "score": 0.9996796137271311, "residuals": [-0.14625764712634037, 0.15932641724484875, 0.06232726598146243, 0.03803131700474616, -0.15318558962384277, 0.464461826278999, 0.11303241490945126, 0.0780255797810625, -0.10883038975719206, -0.05084270080330189, 0.15759989735402158, 0.11461313667464879, -0.18390270606462522, -0.0065562851692426705, -0.018139138286240808, 0.30257295369535697], "loss_graph": "/explain/assets/loss_curve.png", "score_graph": "/explain/assets/score_curve.png"}