{"accuracy": 0.9418063314711359, "loss": 0.14583028820069396}