{"accuracy": 0.8438450737186988, "loss": 0.4595795731713003}