{"accuracy": 0.8441376082377721, "loss": 0.45571216780727153}