{"SimpleCNN": {"loss": [1.276072180884726, 0.37701091849628615, 0.35822006402646794], "accuracy": [0.7378957169459963, 0.8347299813780261, 0.8314711359404097]}, "MobileNet": {"loss": [0.24385307275909274, 0.17746676581309123, 0.14583028820069396], "accuracy": [0.8957169459962756, 0.9357541899441341, 0.9418063314711359]}, "ResNet18": {"loss": [0.34745929642196965, 0.22257660625173764, 0.24280380090589032], "accuracy": [0.8445065176908753, 0.9120111731843575, 0.8980446927374302]}, "EfficientNet": {"loss": [0.7986470104797798, 0.18039953234769843, 0.17397114342662356], "accuracy": [0.8556797020484171, 0.9371508379888268, 0.9371508379888268]}, "ViT": {"loss": [1.0835099886445438, 0.8076327364234364, 0.6806925806929084], "accuracy": [0.5335195530726257, 0.5135009310986964, 0.5828677839851024]}}