{"SimpleCNN": {"loss": [1.0118092408804136, 0.5449224540006334, 0.45571216780727153], "accuracy": [0.6744675871752867, 0.8133044699274514, 0.8441376082377721]}}