{"LinearRegression": {"loss": [0.244577, 0.200902, 0.174698], "accuracy": [0.699776, 0.899712, 0.99968], "score": [0.99968], "cv_score": [0.999173], "metric": "r2", "r2": [0.699776, 0.899712, 0.99968]}, "RandomForest": {"loss": [2.006044, 1.647822, 1.432889], "accuracy": [0.684912, 0.880602, 0.978446], "score": [0.978446], "cv_score": [0.97577], "metric": "r2", "r2": [0.684912, 0.880602, 0.978446]}, "DecisionTree": {"loss": [2.314135, 1.900897, 1.652954], "accuracy": [0.679922, 0.874185, 0.971317], "score": [0.971317], "cv_score": [0.967378], "metric": "r2", "r2": [0.679922, 0.874185, 0.971317]}}