{"SimpleCNN": {"loss": [1.0534217015048053, 0.5824270890694913, 0.4595795731713003], "accuracy": [0.6469108354785865, 0.8006084717996723, 0.8438450737186988]}}